-1,"{""schema"":["""",""model_id BIGINT,model_info VARCHAR""],""param"":[""{\""outputCol\"":\""\\\""vec\\\""\"",\""selectedCols\"":\""[\\\""CustomerID\\\"",\\\""Age\\\"",\\\""Annual_Income\\\"",\\\""Spending_Score\\\""]\""}"",""{\""vectorCol\"":\""\\\""vec\\\""\"",\""k\"":\""2\"",\""predictionCol\"":\""\\\""pred\\\""\""}""],""clazz"":[""com.alibaba.alink.pipeline.dataproc.vector.VectorAssembler"",""com.alibaba.alink.pipeline.clustering.GaussianMixtureModel""]}"
1,"0^{""vectorCol"":""\""vec\"""",""numFeatures"":""4"",""k"":""2""}"
1,"1048576^{""clusterId"":0,""weight"":0.567407424514933,""mean"":{""data"":[62.86640530336194,42.09276677073791,44.34382035141935,50.08356691348216]},""cov"":{""data"":[1514.9210200686357,168.36225183505258,255.9931566957532,662.803456322366,82.65545502787472,295.0686209825203,-75.33494883866797,-142.62023746458794,-31.743645115468098,460.5890041808402]}}"
1,"2097152^{""clusterId"":1,""weight"":0.43259257548506713,""mean"":{""data"":[150.65650353621754,35.5646455528198,82.21127480371173,52.01421282339252]},""cov"":{""data"":[1491.815456008655,56.872917533463806,84.79954280948914,748.8674864750774,27.065739082001073,441.44821709117787,-147.78884078310693,-86.6826644261821,-86.9744172018236,1008.7277048249039]}}"
