-1,"{""schema"":[""model_id BIGINT,model_info VARCHAR""],""param"":[""{\""labelCol\"":\""\\\""Profit\\\""\"",\""featureCol\"":\""\\\""R_D_Spend\\\""\"",\""predictionCol\"":\""\\\""pred\\\""\""}""],""clazz"":[""com.alibaba.alink.pipeline.regression.IsotonicRegressionModel""]}"
0,"0^{""vectorCol"":null,""featureIndex"":""0"",""featureCol"":""\""R_D_Spend\""""}"
0,"2097152^[14681.400390625,35673.41015625,57208.4140625,57208.4140625,67479.65625,67479.65625,71498.4921875,81005.7578125,96479.5078125,96712.796875,96778.921875,97483.5625,98682.71875,98682.71875,103897.125,103897.125,108273.2578125,108273.2578125,113513.03125,113513.03125,119152.9765625,119152.9765625,124266.8984375,133754.40625,133754.40625,138225.265625,138225.265625,152211.765625,155752.59375,156556.8125,156556.8125,182901.984375,191050.390625,191792.0625]"
0,"1048576^[0.0,542.05,1000.23,1315.46,15505.73,22177.74,23640.93,38558.51,46014.02,46426.07,55493.95,61136.38,61994.48,63408.86,64664.71,66051.52,67532.53,75328.87,76253.86,77044.01,78013.11,78389.47,91749.16,91992.39,94657.16,100671.96,119943.24,120542.52,130298.13,131876.9,134615.46,144372.41,153441.51,162597.7]"
