-1,"{""schema"":["""",""model_id BIGINT,model_info VARCHAR,label_value VARCHAR""],""param"":[""{\""outputCol\"":\""\\\""vec\\\""\"",\""reservedCols\"":\""[\\\""category\\\""]\"",\""selectedCols\"":\""[\\\""sepal_length\\\"",\\\""sepal_width\\\"",\\\""petal_length\\\"",\\\""petal_width\\\""]\""}"",""{\""vectorCol\"":\""\\\""vec\\\""\"",\""maxIter\"":\""100\"",\""layers\"":\""[4,5,3]\"",\""reservedCols\"":\""[\\\""category\\\""]\"",\""labelCol\"":\""\\\""category\\\""\"",\""predictionCol\"":\""\\\""pred_label\\\""\"",\""predictionDetailCol\"":\""\\\""pred_detail\\\""\""}""],""clazz"":[""com.alibaba.alink.pipeline.dataproc.vector.VectorAssembler"",""com.alibaba.alink.pipeline.classification.MultilayerPerceptronClassificationModel""]}"
1,"0^{""vectorCol"":""\""vec\"""",""isVectorInput"":""true"",""layers"":""[4,5,3]"",""featureCols"":null}^"
1,"1048576^{""data"":[0.09304024904135304,-0.022046658760880557,-0.11971181740493622,-0.08954879183349831,0.011557076616291045,-0.20398423132545038,-0.13009728629388856,0.03234278764403262,0.10205854156186756,-0.051909833534706726,0.335138527248349,0.0326092134020458,-0.14264987651240038,-0.46432000986281874,0.2836548600510354,0.19311627207541918,0.0198409518135914,-0.027716003080591852,-0.17427699206359595,0.07009505782119695,-0.08069034069490155,0.13809303206842435,0.009076860189874707,-0.045398779565699474,0.01870788539587852,0.1444508036010628,-0.48358229966446015,0.22392370960713504,0.04680276093958759,0.05024314266479873,-0.20764190405274924,-0.01775372755760249,0.2197207004823237,-0.13847451990836587,-0.011725453538798055,0.31458498530242185,-0.4388927305950689,0.06563152577832522,-0.18703488765425955,-0.04088823058490677,0.20413565556455165,-0.008562133611250128,-0.1792613156335712]}^"
1,2251799812636672^^Iris-versicolor
1,2251799812636673^^Iris-setosa
1,2251799812636674^^Iris-virginica
